<?xml version="1.0" encoding="UTF-8"?>
<project-private xmlns="http://www.netbeans.org/ns/project-private/1">
    <editor-bookmarks xmlns="http://www.netbeans.org/ns/editor-bookmarks/2" lastBookmarkId="0"/>
    <open-files xmlns="http://www.netbeans.org/ns/projectui-open-files/2">
        <group>
            <file>file:/C:/Users/danic/Documents/NetBeansProjects/ChainOfResponsabilityCallCenter/src/chainofresponsabilitycallcenter/MedicinaGeneral.java</file>
            <file>file:/C:/Users/danic/Documents/NetBeansProjects/ChainOfResponsabilityCallCenter/src/chainofresponsabilitycallcenter/IOperador.java</file>
            <file>file:/C:/Users/danic/Documents/NetBeansProjects/ChainOfResponsabilityCallCenter/src/chainofresponsabilitycallcenter/OtrasEspecialidades.java</file>
            <file>file:/C:/Users/danic/Documents/NetBeansProjects/ChainOfResponsabilityCallCenter/src/chainofresponsabilitycallcenter/ImagenesDiagnosticas.java</file>
            <file>file:/C:/Users/danic/Documents/NetBeansProjects/ChainOfResponsabilityCallCenter/src/chainofresponsabilitycallcenter/Optometria.java</file>
            <file>file:/C:/Users/danic/Documents/NetBeansProjects/ChainOfResponsabilityCallCenter/src/chainofresponsabilitycallcenter/ChainOfResponsabilityCallCenter.java</file>
            <file>file:/C:/Users/danic/Documents/NetBeansProjects/ChainOfResponsabilityCallCenter/src/chainofresponsabilitycallcenter/Operadora.java</file>
            <file>file:/C:/Users/danic/Documents/NetBeansProjects/ChainOfResponsabilityCallCenter/src/chainofresponsabilitycallcenter/Odontologia.java</file>
            <file>file:/C:/Users/danic/Documents/NetBeansProjects/ChainOfResponsabilityCallCenter/src/chainofresponsabilitycallcenter/Vacunacion.java</file>
            <file>file:/C:/Users/danic/Documents/NetBeansProjects/ChainOfResponsabilityCallCenter/src/chainofresponsabilitycallcenter/Pediatria.java</file>
        </group>
    </open-files>
</project-private>
